name,price,store
name,price,store
name,price,store
name,price,store
哈浮飞行相机X1 HOVERCAMERA 无人机户外露营旅游打卡相机网红亲子智能无人机自拍防抖高清 【基础款 高清1080P-16G】哈浮X1 脂玉白,2399.00,HOVER CAMERA旗舰店
JJR/C 无人机高清专业航拍遥控飞机儿童玩具男孩无人飞机航模生日礼物,219.00,智能优选京东自营专区
宝贝星（BBS）两块电池+遥控飞机儿童无人机航拍高清专业飞行玩具男孩生日礼物 40CM尊享版【高清双摄+光流定位,307.10,宝贝星玩具旗舰店
LOPOM高清无人机航拍飞行器拍摄飞机航模儿童玩具男孩遥控飞机生日礼物 4K双摄-全向避障(双电)超稳,170.67,LOPOM京东自营旗舰店
酷星宝 专业高清航拍无人机无刷GPS定位防抖儿童男孩玩具生日礼物,599.00,酷星宝优选京东自营专区
kidsdeer无人机儿童遥控飞机电调高清专业航拍男孩四轴飞行器生日礼物 大号光流电调版六面避障【三电】,181.05,kidsdeer玩具京东自营旗舰店
畅影P12智能避障无人机一键起飞返航高清3000米飞行男女孩玩具航拍器 全六面避障+光流悬停+电调双摄 四电池,328.00,畅影京东自营旗舰店
京达玩具无人机航拍玩具高清遥控飞机航模光流定高避障儿童男孩生日礼物,208.00,京达玩具（JINGDA TOYS）京东自营旗舰店
大汉疆域无人机高清专业航拍遥控飞机儿童玩具男孩无人飞机航模生日礼物,388.00,智能优选京东自营专区
诺巴曼 无人机高清专业航拍遥控飞机儿童玩具男孩无人飞机航模生日礼物,199.00,智能优选京东自营专区
大疆 DJI Mini 2 SE 入门迷你航拍机 高清专业小型便携遥控飞机 长续航智能拍摄航拍器 大疆,2388.00,DJI大疆创新京东自营旗舰店
DEERC儿童无人机四轴飞行器4K高清航拍折叠遥控飞机玩具男孩生日礼物 航拍版-【双电40分钟续航】 4K航拍【自动返航】收纳包,221.00,DEERC旗舰店
【八仓就近发货】智能避障无人机一键起飞返航高清,358.00,畅影京东自营旗舰店
JJR/C 无人机高清专业航拍遥控飞机儿童玩具男孩无人飞机航模生日礼物,399.00,智能优选京东自营专区
kidsdeer无人机儿童遥控飞机电调高清专业航拍男孩四轴飞行器生日礼物 大号六面避障-电调双摄（三电）,263.64,kidsdeer玩具京东自营旗舰店
星控智能 无人机航拍高清超长续航高专业GPS智能返航无人飞机四轴飞行器 8K10公里二电续航70分钟,1471.43,星控智能玩具旗舰店
大疆 DJI Mini 3 Pro (DJI RC 带屏遥控器版) Pro 级迷你航拍机 智能跟随飞行器 专业无损竖拍 大疆,5788.00,DJI大疆创新京东自营旗舰店
LOPOM高清无人机航拍飞行器拍摄飞机航模儿童玩具男孩遥控飞机生日礼物 4K光流双摄-360避障(双电)动力版,399.00,LOPOM京东自营旗舰店
科尔航避障无人机航拍超清大型无人拍摄飞行器遥控飞机航模玩具生日礼物 【智能避障+光流悬停】黑-三电池,312.77,星缘智能玩具专营店
kidsdeer无人机儿童遥控飞机电调高清专业航拍男孩四轴飞行器生日礼物 光流悬停电调双摄【三电】,316.44,kidsdeer玩具京东自营旗舰店
兽无人机 【5公里图传+智能避障】无人机航拍4K高清专业三轴防抖5公里自动返航GPS户外大型遥控飞机 双电套餐【续航64分钟+高端礼包+随心换】,1598.00,兽无人机智能设备旗舰店
"爱心东东
科尔航[10公里数字图传]避障无人机航拍8K高清专业三轴防抖大型遥控飞机 10公里数字图传-8K超清-三轴云台 双电套餐【续航64分钟+随心换】",1590.83,科尔航智能玩具旗舰店
大疆 DJI Mini 3 Pro 标准遥控器版 Pro 级迷你航拍机 高清专业航拍器 智能跟随无损竖拍三向避障 大疆,4788.00,DJI大疆创新京东自营旗舰店
大疆 DJI Mini 2 航拍无人机 便携可折叠无人机航拍飞行器,2899.00,DJI大疆创新京东自营旗舰店
大疆（DJI）FPV/AVATA 沉浸式穿越无人机 高清专业航拍器智能飞行眼镜体感遥控飞大疆 Avata智选套装【赠防爆箱+配件 官方标配,6998.00,朋来客数码专营店
诺巴曼 T7无人机 成人高清专业防抖无刷避障GPS航拍 送男友老公生日礼物 OAS避障丨GPS返航丨EIS增稳云台,799.00,诺巴曼旗舰店
雅瑞乐720°避障无人机高清专业航拍遥控飞机拍摄飞行器儿童男孩玩具,199.00,雅瑞乐京东自营专区
大汉疆域无人机高清专业航拍遥控飞机儿童玩具男孩无人飞机航模生日礼物,799.00,智能优选京东自营专区
"爱心东东
科尔航[10公里数字图传]避障无人机航拍8K高清专业三轴防抖大型遥控飞机 5公里中继增距-8K超清-三轴云台 双电套餐【续航64分钟+随心换】",1411.96,科尔航智能玩具旗舰店
大疆 DJI 特洛（Tello）益智编程无人机 小型迷你遥控飞机航拍无人机,699.00,DJI大疆创新京东自营旗舰店
