name,star,comment
奥特曼,很差,刚看完出来，和想象中一样好难看，真的早就不欠成龙电影票了，也求你别再忽悠观众了。
得嘞,还行,如果，只有一龙一马的故事，会更有精神吧
淡蛋蛋淡,很差,奥斯卡终身成就奖除了表彰大哥以前的辛苦和贡献，也是让他别再拍了，想打就打给自己看，咱就行行好，别让观众买单了。
连城易脆,推荐,"今天是成龙69岁的生日，有这样一部致敬香港龙虎武师的电影上映确实意义非凡。想来，成龙算是我观影生涯里看过作品最多的电影人了，也是我学生时代最喜欢的动作武打明星。

看到片中很多大哥过去的影像作品混剪，确实很感慨，如果我没记错的话，我第一次去影院看电影好像就是我父亲抱着我看《我是谁》，票价只有5块钱，是礼堂式的电影院，一转眼都二十多年了，更不可思议的是，我竟然就在2天前《龙马精神》点映亲眼见到了大哥，站在大哥身后完成大合影。

这部电影可以说浓缩了成龙的大半生，如果从小就看成龙电影长大的影迷估计都会很触动吧，最近昆汀和伊斯特伍德都公布了自己生涯的最后一部电影计划，但是我希望成龙可以一直拍下去，甚至可以重新为动作喜剧找到新的表达方式。"
奥特曼,推荐,成龙的印第安造型秒回《我是谁》，在片场大哥看的是《新警察故事》剧本、还有拍摄《龙兄虎弟》时最严重的一次受伤，以及蒙太奇闪回的不用替身动作画面…这部就像刘德华的歌曲”十七岁“一样，属于成龙对自己演员生涯的一次回顾与情怀致敬。“不真摔，观众看什么…致敬就要像以前一模一样：来真的！” 做这件事是择一世、终一生的选择，他们的时代永远没有过去。
谋杀游戏机,推荐,与之前的纪录片《龙虎武师》形成娱乐商业片层面的映照，不约而同重现了诸多影史动作戏名场面，像成龙说的，这不是关于他一个人的电影，而是致敬曾经所有的龙虎武师。也许在今天的年轻观众看来，他们的玩命不可理解也没有必要，但当年正是靠他们拿命去拼，才拼出了香港功夫片的辉煌年代。成龙马上70岁了，那个年代再也不会回来了，这部电影算是一个喜感+伤感的作结吧。赤兔好漂亮，表演也很丰富，驯马师厉害。
似越,还行,看的是超前点映 都说戏如人生 看电影的时候 数次被成龙于马儿于女儿的情感感动到落泪 but戏外成龙是如何处理小龙女事件的大众都知道 对照现实又觉得有些许讽刺 刘浩存怎么哪儿都有你 厌恶至极！最后还是要向那些曾经为电影事业一直默默付出的人们致敬。
等待戈多。,力荐,赤兔的通人性这点其实很好理解，老罗是带给它第二次生命的人，并且一系列的陪伴和照顾让他从站不起的小马到能拍摄很多高难度镜头的特技马，这种人和动物之间的情感建立特别好哭TT
兵部左侍郎千夏,还行,"刘浩存这么多年了演技还是那么差，整张脸就只有嘴巴动，没表情上的变化，尤其是两个黑眼珠，看着挺大，但是真的无神，感觉像是假的，或者干脆说就是尸体脸，跟博子哥简直一对，她的配音也跟s一样难听，配音老师也无奈啊，为了配合这僵尸脸，整部下来声音都是平淡如水没有一点感情，耳朵疼，眼睛疼，还那么多镜头怼脸，郭麒麟也油得一笔，但好歹能演出个人样，这是给了多少啊
说回剧情，巨讨厌这种亲子煽情剧情，煽情片段插入太多，而且突兀，刚刚笑得挺欢，立马煽情，难受的一笔。尤其是中期两个人突然就矛盾然后紧接着就是受伤，然后就是和好，台词很奇怪，这一段太突兀了，不爽。我就是去看经典动作戏的
好多致敬龙叔自己作品的彩蛋，诸如《你是谁》《醉拳》后面直接不装了，经典镜头都放出来了，倒不如说是致敬龙叔吧，当年真的摔残了也没今天了
"
小艮,推荐,作为动作片迷，数度哽咽、落泪。老罗戴帽子致敬《奇迹》；印第安人造型致敬《我是谁》；误闯入舞台帮助孩子们练翻跟斗又呼应七小福练功经历；成龙属马，在《上海正午》时与马有过很多对手戏，所以用马作为关键元素来“重现”他作为龙虎武师时所经历的种种酸甜苦辣。本片虽然在剧本上不算规整严密，但喜剧段落与情感戏也是奏效的，而且情怀满溢。看得挺满足的。
大上海红牡丹,较差,"成龙现实对女儿那么绝情，电影里又一往情深。致敬自己的同时还不忘洗白和小龙女的""父女情""，刘浩存知道自己演的谁吗！"
南开区演员黄渤,很差,女儿对父亲这么多年怨念这么深，一笔带过就和解了，恰恰说明他对小龙女的感情空白，太想当然太假了！
玩儿少,还行,又名《忠马赤兔物语》，这片子主打的就是感情牌、煽情戏，父女的感情戏、人马的感情戏…如果能在龙虎武师的精神上、对龙叔实拍动作戏的敬业的致敬上多下功夫，会提高不止一个档次。
初商月,力荐,从小学看大哥的电影一直到成为社畜，竟然一直都在打也是相当不容易了，喜欢片中穿插的成龙过往作品镜头，让人回味起以前抱着碟片不撒手的时候了，是爽的
周宇勋,较差,不可否认成龙大哥的敬业精神，只是看到他装模作样演着父女情深的桥段，怎么演怎么跳戏。不知现实中被大哥不闻不问的「小龙女」看到影片中父亲与刘浩存「感人至深」的羁绊时会作何感想？反正我挺想吐的。。（电影想靠各路喜剧咖的堆叠与卖弄「龙虎武师」的回忆杀吸引眼球，结果不仅笑点全崩，连情怀都毫无共情，假的一批。。）（杨子+成龙+少班主的组合本来也是个烂片标配，有期待是我的错！）
小彬彬,很差,"如坐针毡，如芒刺背，如鲠在喉。
这是听到这三如后，第一次在电影院感受。
幸亏是没花钱，我谢谢你，淘票票三百积分。"
壹安²,推荐,我又TM看哭了，你这让每一个看成龙电影长大的孩子哪有不哭的！
卡夫卡的小屋,推荐,不仅在讲老罗也是在讲成龙这六十年的电影人生，那些用自己血汗泪拼搏出来的片段在电影中展现的时候，真的很感动
章子怡,推荐,大哥老了，但还是你大哥！
正在输入···,较差,龙虎武师管马什么事儿？最后的片长我还以为龙叔要跳下去致敬，谁承想，自己成了自己之前讨厌的样子，什么致敬？什么精神？没钱的时候谈致敬，没钱的时候谈精神，太可惜了。我说完心里也有些隐隐作痛的呢。🐶
呼噜呼噜,力荐,看到是成龙大哥的电影第一时间就去影院看了，总体来说还是ok的，有笑有泪，龙虎武师了不起！
momo天使,很差,看过最难看的一部电影没有之一，刘浩存的演技还能再烂点吗？？成龙大哥也只能卖情怀了，剧本稀烂！！！
春風的異邦人,较差,"存子就是接了太多沙文主义导演的沙文主义故事里基于沙文主义叙事目的而存在的功能性女性角色，才导致她永远困在「假」的藩篱之中，因为这些角色本来就不真啊。要是真想达成父女的双向治愈，有什么理由不把女儿设置成律师，而是要让女婿来完成这个任务？让父亲认可了女婿、让女儿认可了父亲，女儿自身呢？女儿只会承认自己年少叛逆，甜甜地说一句爸爸你好厉害，我第一次知道有爸爸保护是什么感觉。
吴京客串的角色对成龙说“兄弟们你都罩着，有苦你从来不说”，真的吗？不是都花一整部电影来说了吗？"
磕学家,较差,赤兔和成龙的打戏好评，如果仅仅只是一个功夫喜剧片我绝对五星，偏偏导演想不开要加什么乱七八糟、自认为煽情的亲情戏，搞得不伦不类。最想骂的就是含存量过高，咱就是直接一个快跑！！！抛去其他的不说，究竟是谁教lhc这么做作的演戏和讲话的?还说像章子怡，人章子怡演戏的时候身上那种孤傲与坚韧劲哪有这么装?
叶湘伦,很差,我不否认Jackie Chan在全球电影史的地位，也不否认他对于把中国功夫文化向全球传播的重大贡献，曾经我也非常非常喜欢成龙，是我的偶像，容不得别人说他半点坏话。但成龙近年来的作品确实除了英伦对决没一部能看的，这是事实，这电影也是真的不行啊，手机上看看就得了，不值得花钱去电影院看。
bird,很差,成龙大哥生日快乐！还是退休吧！好的演员谢幕应当如初始般华丽，而不是只会自我感动。本来它可以拍的足够有趣和有情怀，结果净剩下廉价煽情了。
大奇特(Grinch),很差,精神我敬仰，电影真不行。请先学习下《摔跤王》那类片是如何描写父女和解的，再谈精神吧。父女关系是编剧一厢情愿妥协于剧情——和解快如风，完全不像多年没有往来，之后又变脸如翻书，全部配合剧情需要。情节上用各种彩蛋生硬拼接，只有片段没有结构。应了那句歌词“把握生命里的每一次感动”，而这些感动多数是说出来的，不是靠情感传递的，且不是为观众带来感动，而是满满的自我感动。我们总能在一些电影的片尾看到“本片没有小动物受伤”的字样，这部却一再用爆破、坠崖等等，告诉你中国电影人对动物受伤的不屑一顾，虽是借物喻人，却也不该是这种冷漠的态度。
timoranc,力荐,好喜欢赤兔啊，在电影里的表现太惊喜了，可爱威猛的马马我爱了！！！
健忘的煤柱,还行,"3.5，成龙ip大联欢，其实有很多可玩的点，但剧本有点拉……考虑到大哥一把岁数还在打值一个4分

但是该死啊眼泪为什么停不住……为什么把真实的武师故事插到这么怪的剧本……"
凯文·史派东,较差,我的天啊‼️郎月婷都演刘浩存的妈了，为啥俩人只要在一块儿，刘浩存的头就小了一圈儿，缩头术笑死我了。
深邃,很差,造句：1. 一想到能给这片打星了，我就龙马精神起来。2. 龙马精神早上好，我是李志。
汝玉,力荐,一张电影票带着青春流浪回到从前，《龙马精神》致敬成龙为电影付出的汗水，成龙的每一部电影都看过，每个回顾的画面都有无尽的回忆。时光会老，我们不忘。
薛天华,还行,"成龙对《警察故事1》、《警察故事3》、《A计划》、《我是谁》、《龙兄虎弟》、《醉拳2》……时期自己的追忆，所以对煽情没有任何克制。
电影在吴京那拍完戏后，就该结束了，后面都是无节制的煽情了。
刘浩存是很美，但演技也是很呆。"
779103178,很差,我后悔我看的这部电影，尴尬，抠脚，玩手机。
银敏悲,较差,成龙的粉丝电影，也就结尾煽情了一把，前边都是瞎胡闹，根本就不像电影，大哥真的有认真反思自己为啥从最好变最烂吗？
申报记者何书桓,较差,别的不说，什么样的家庭实习生和大三生就开上了路虎，不能因为赞助商是路虎就全片都是路虎吧。母亲不在了，女儿也不和父亲来往，那请问她的经济来源是什么，电影也不交代，很多桥段都太过儿戏。
小植野,很差,前半段像是短视频各种抖机灵小点子的缺点放大，各种剧情上的缝合看得尴尬抠脚，一个给成龙量身定制的剧本，像是平行宇宙的另一个他，结果在这个宇宙里还要满足一下自己做父亲的心理，代入了女婿一下对未来感到焦虑了。而剧情上就是想一段是一段的片段合集，主线官司打得莫名其妙，父女感情线写得一团浆糊，要打官司了才想起女儿，这不就是活脱脱的有事钟无艳，无事夏迎春。后面还要拿录像硬煽情往主题靠龙虎武师，想做得像情怀致敬，可事实就是消费形象。到后面勉强有半小时能看，本来想打到两星了，结果最后一段又梦回《人生大事》最没必要的最后半小时，就像在这来回拉扯硬拖时长。
青岛啤酒,较差,一时之间分辨不出，剧情、成龙演父女情还是存子的演技，哪个更尴尬。
托尼·王大拿,较差,港片曾经的辉煌与当下的式微，武行今昔的演变，香港电影人的北上，成龙自身的演艺经历，乃至横店作为“角色”所自带的解构意味，诸上元素就足以构成一部高度凝练又层次丰富的元化电影，又何必要使用那些粗糙打磨粗劣执行的情感戏？看上去不过是编导自以为是的一厢情愿以及老年房仕龙的自我感动罢了。
谷风一幕,很差,剧本太差了，成龙致敬自己可以，打不动就在剧情上下下功夫，不能啥都没有。
许逊,很差,把人的情感和行为强加在动物身上挺恶心的
罗里吧嗦,推荐,有种青春回归的感觉，电影里有很多彩蛋和致敬的镜头，印象很深的就是老罗让乃华练扎马步，这不是醉拳吗23333
dustill,很差,成龙在电影里以一个这样的身份承认自己甚至是武行的年迈与式微，其实挺不容易的，奈何所有的细节都设计得太潦草了
嘟嘟熊之父,很差,每组镜头、每段配乐都在讨要一部分观众的善心，同时意味着狠踩另一部分观众的伤口。表面上映照现实，事实上丝毫不关心现实。缺少道德的电影。
见与不见,还行,剧情无聊，成龙怀旧多了就尬，父女戏也平淡，但马的表演一流
肥头士,还行,只要他还在拍，我一定会看，不管电影好坏
Ber_雪碧,还行,“10分满分我给3分，这就不是电影。”
Roland痕,推荐,看老罗试穿小宝跟男友送的衣服觉得特别感慨（这是小彩蛋吗？哈哈），不由得想起电视机里的花絮每一个片段都是他真真实实地摔出来的，冒着生命危险的疼痛与伤痕才换来了那么多经典优秀的作品，顿觉得肃然起敬，大哥必须支持
MinamiFans,较差,成龙69岁生日打卡。看成龙演成龙，有做成元电影的潜质，创作者为了追求商业和娱乐化，也没必要弄得这么俗吧。。本质上还是过时的电影。但一想想他的电影看一部就少一部，不免得还是有些感伤的。
猫不跳,还行,"参加的路演场，看到成龙大哥眼泪差点掉下来，电影是情怀，是一代代龙虎武师不屈且拼命的精神，🐴演的也好，真棒
"
阿孝咕,很差,一部为成龙量身定做的横漂动作片，作为一个红极一时的龙虎武师，一上场就掉链子？过了一会你的马来劲了，就把别的龙虎武师赶走？啰啰嗦嗦半天说要真跳，结果最后怂了就拍拍屁股走人？这部片子不仅是对观众智商的侮辱，也是对所有敬业的龙虎武师的侮辱！存子每次出场都换一套新衣服，真的水灵漂亮，可惜演技还没一匹马好，要是不开口说话就好了。一朝为坐骑，生死不由己，赤兔应该很后悔站起来吧~这杨子什么来头啊？能请到宫崎骏来客串~
沉莫520,力荐,大哥永远是大哥，一幕幕致敬经典的镜头一一闪过，不禁让人潸然泪下，龙虎武师不易，致敬龙虎武师
头颅在沉默,推荐,剧情完成度还是有的，首尾呼应我很喜欢，不如说也是喜欢老罗跟赤兔的日常啥的，特别是最后赤兔拿拳击手套那段callback我爆哭。
酱爆桑桑子,很差,【1】哎呀我嘞个去幽默的呀。非常符合我对这个电影的所有期待，因为它模糊了致敬和倚老卖老的情怀割韭菜。同样讲人与动物的关系，隔壁《忠犬八公》润物细无声，而这部只有一口一个的尬喊口号和硬扣题的龙虎武师精神。电影里的所有爱女儿，爱电影，职业精神东西刻画的越真，成片质量和现实之外就觉得假的廉价。成龙在电影里缅怀致敬自己，杨紫琼在电影里放弃过去，一个冲出去，一个困住自己。观众从来不欠成龙，星爷电影票，毕竟还人情一部《急先锋》一部《新喜剧之王》就够了。（一分给那些煽情的片段，因为确实被煽到了）
鸡排饭加个蛋,较差,首映日早场安排给到龙虎武师足够的尊重，不过浩存妹妹如果你的台词再没长进的话以后真的会不如一匹马哦。
阿德,推荐,3.5星，致敬龙虎武师和成龙自己
KellyWu凯利吴,还行,好于《功夫瑜伽》《急先锋》，番禺万达影院映后见面会，成龙大哥精神状态颇好，刘浩存真人比电影画面还好看，本片相当于成龙一个人的《龙虎武师》，难怪《龙虎武师》没有正式出场接受访问，有笑有泪有打戏，情节略单薄，整个剧本感觉就是为成龙而写的，可以说是成龙最具粉丝向的作品，当然感动的地方莫过于通过meta影片花絮去怀念以前那个无所不能的成龙。本片也是通过老罗这个角色，直接讨论了龙虎武师的生存空间问题，在大量电影特效的冲击后，实拍的动作电影究竟未来还有价值吗？但无论是今年的杀神4，甄子丹仍然站在动作电影的巅峰上睥睨天下，还是年过六十的阿汤哥，还在挑战动作电影的极限。我觉得观众还是喜欢看实拍，电影特效充其量还只是一种加分项。
方枪枪,还行,成龙致敬自己的电影，从龙虎武师群体着手，也有很多成龙经典电影的桥段和表达。但故事线有点太纷杂，赤兔纠纷，父女感情，以及和女婿之间的情节等等，杂乱显得无章，而且很大问题就是父女之间关系的和解总是莫名其妙，以及成龙饰演的父亲过于自我，会让观众不太喜欢吧。
好运连绵伴HS行,力荐,电影的情怀只会让我共情，看完真的想为那个时代努力的武打演员鼓鼓掌，还有我们赤兔真的太懂事了，好喜欢
AaronKing,很差,都住院了还有空看光盘？？？
yukicheung,较差,除了成龙致敬自己的着装，别的毫无看点。
十一伏特,还行,"三年前那部纪录片《龙虎武师》里少了成龙，当时据说成龙正筹拍相同题材，估计指的就是这部电影，没想到是用剧情片的方式。基本上是致敬成龙自己，直接放上八九十年代经典作品的花絮剪辑画面，嫁接到一个虚构的落魄武师身上，身份落差产生角色定位的不自然。主角到底是曾经辉煌如今落魄的过气打星，还是一直隐身幕后的武打替身，自相矛盾的含糊同样在其他配角身上存在，情绪转折很生硬地推进。
隔一段打戏就来一出煽情戏，年仅70岁的成龙还在演打戏确实让人心疼，可也不能反复靠贩卖情怀来强行催泪。除了成龙外，其他演员的演技状态都很勉强，找来不少喜剧演员客串，看着出戏。既然是致敬武行，为何不多些当年真正的动作演员来客串呢。"
Huan,很差,贩卖情怀的电影，龙叔  70岁还在捞钱 
小万哥哥,较差,即使你是成龙大哥，即使知道你老了，即使你三五年没出山了，但也不要一出山，就一直拿着自己以前的光辉电影，进行无限的致敬好不啦，很尴尬耶。另外，人马情未了，着实把我给尬麻了
开平彭于晏,很差,【34】好“硬”的一部片子，我是说它节奏一塌糊涂，配乐使劲儿煽情，父女情强行修复，部分笑料低俗，矛盾升级突兀，别的片子多线叙事是在织毛衣，你的线组合在一起毫无化学反应，而是在打死结……存子的演技无关她的黑料，表现的还不如刚出道那会儿。众星云集拍好了叫群星荟萃，拍烂了叫人头堆砌；龙叔的传奇过往用好了是锦上添花，你滥用那叫场外求助，很不幸，都是后者；值得一提且只有一提的是打戏真的很亮眼。唉，以为快要结束了结果发现还有半小时，真的很难过。@龙马精神
乌鸦火堂,推荐,"成龙的“内心自传”，是对昔日龙虎武师辉煌时代的缅怀，但更多的还是对现状的接受。

用“一人一马”投射内心，时代不同了，可以服老，也有家庭羁绊，但不能退缩，自己永远属于这个舞台，是他对这门曾经撑起港片半边天、如今惨淡经营的行业，一种现实又理想的想象。

ps，片中他与安志杰还是为我们奉献了几场熟悉的“成龙式”打斗，这是熟悉的成龙电影，也是不一样的成龙电影。"
焱,较差,虽然这电影不太行，但刘浩存真人站我跟前的时候，我也不行了。
哆啦没梦,力荐,负责任地说一句：有超出我的预期。大哥用自己的亲身经历告诉所有人什么叫敬业和责任，挺受触动的
豆瓣路人己,较差,最感人的不过是电影里成龙过往影片的内容，很多东西没有重点。
行星音乐,推荐,"四星，电影三星半，多一点的必须致敬大哥。
记得好多年前大哥就说拍不了动作片了，伤太多年纪大了，今年还是上了动作片。
4/5上海首映大哥说：还是会每年拍一部电影的，因为有这么多影迷支持。
可能特效大片看多了的朋友觉得大哥的动作片没什么大不了，但大哥的打戏是不靠特技的，是一流的，是仍然让我看得惊心动魄，泪眼婆娑的。
69岁的大哥从影60年了，成龙的动作片真的全世界也鲜有超越的。
回归电影本身：
赤兔真的太灵气太可爱了，为看赤兔都值得买票~
笑点很多，更多的还是泪点。父女情我感同身受，所以泪很难止住。
麒麟本人挺帅气，怎么角色造型略油腻~
大米和樱子的故事感觉少了点后续，还挺期待大米改邪归正跟着老罗学武，樱子能再站起来的。
部分剧情老套也是事实， 赤兔懂人话通人性我可接受，下跪有点太刻意。"
白熊啸西风,力荐,怎么办一看成龙打架肾上腺素飙升，一看老罗流泪我也想跟着哭，整部影片可以说是以老罗这个角色为中心在讲龙虎武师的责任、担当和转变，特别喜欢老罗说的那句走下来了，在我看来不是结束而是一个新的转机
長島冰茶,力荐,只是看到大哥的新片就想着支持一波，结果在电影院默默流泪…呜呜呜觉得有点丢人但片子好看，我爱老罗我爱赤兔我爱大哥！
Indecent time,推荐,平心而论，一般，现在的分数基本符合电影质量，人马情、龙虎武师精神与亲情三条线不能说是水乳交融吧，至少也可以说是各玩各的，常常在前两部分感动到人的时候突然跳戏，亲情线的加码只会显得主创心虚，不如把前两个认真拍好。加一颗星是致敬龙叔的，里面致敬的（从a计划到我是谁到醉拳到醉拳到乃华等）、录像放出的，我全都从小看到大，很难不被触动呀。
橙子换马甲,无星,马驯得真的好，估计拍起来挺花工夫的。。成龙的动作戏比我想象的多，而且还是很有他的特色的，虽然明显吃力，身手不比当年。。最后拒绝用CGI那场戏是最明显CGI的一场，不知道是不是特意设计。。至于剧本，这年头就不要强求了。。父女线不行可能很大因素是女主太差了，就一直一脸“清纯可爱灵动少女”，看着烦人。。郭麒麟还行吧，不特别自然，但这个角色也就这样了整不出什么花来，而且对手少女那样。。小沈阳真的是客串，谁想出来让他演一个精英律师的哈哈哈哈～不过一出场就有人点名笑，大概也算不辱使命。。（一种靠脸吃饭
小旗,较差,全片堪称对成龙本人的大型打脸现场，就是他越没有什么这片越吹什么，而他全程高喊龙虎武师精神，可电影却照样使用了替身和各种的CGI，可纵然是如此的虚假，片尾字幕里对龙虎武师的致敬却是真的，只因为这片里出现了唐季礼，这一点懂的都懂
不是momo,很差,全场马演的最好 在电影院如坐针毡 不好看（免费的票）
纯爱战士,推荐,看着大哥的电影长大，来买张票看看大哥依旧精彩的动作打戏，以及这次还有赤兔陪着一起奋斗，很暖
唐小万,较差,莫名其妙的父女情
达令街27号,很差,刘浩存这颗老鼠屎，大年初一不想看到，资本强行喂屎么？吃着人血馒头，残疾小女孩在家看到电视上伤害她的凶手的女儿尽情的舞蹈？恶心
wsind,很差,请问一下，刘浩存能不能不演电影？另外，哪怕她呢，跟同组的马学一学，也好啊！马怎么演的比人好这么多？真让人匪夷所思！
云霄飞车手,推荐,开场俏皮的动作戏挺好玩的，是典型成龙喜剧动作设计，街头打架的戏也挺梦回过去的，存存很漂亮，龙虎武师精神很感动，但也到了落幕的时候，唏嘘
帽盔山单打王,很差,全片像是一个个消费老面孔的短视频集合，这五分钟走煽情了，那五分钟又搞情怀了，而故事推进突兀，情感铺垫为零，马是有那么一点隐喻，但也无法和父女或职业产生什么有效联系，对替身演员致敬？对不起，你和你的马“一战成名”，其他被一脚踢到一边的替身群演呢？所有感动来自于你看到的港片熟悉面孔，看到了几段以往成龙电影片尾的特技动作花絮，所以没有这个电影你一样感动，像极了落魄演员直播带货，而这竟然是举世闻名的业界大哥拿到的剧本，想改变老牌动作演员的现状？史泰龙、施瓦辛格打不动都要在电视剧第二春了，只能说行业主流理念差太远了
豆友266338012,很差,是什么在支撑成龙大哥一直拍这种烂片，刘浩存更是不用说了眼神一直游离在剧情之外实在是无力吐槽，纯纯浪费时间
摩羯座的猫,很差,有这个时间看这种电影，不如去做个义工，或者把钱捐给有困难的人，帮助一个弱者。
65437988758,力荐,作为喜剧片合格了，花絮里大米的小弟一次又一次接了成龙给安志杰的杯子笑死了
火口幸存者,较差,龙虎武师连一匹马都要PUA吗？？中国还在拍这样的电影，现场每一个在哭的阿姨都有责任。剧情文本演技全都一塌糊涂，这两个小时真真的不如在公司加班呢！成龙是拼，但文戏真的烂透了！
王俊俊,推荐,四星！把《龙虎武师》纪录片里武行的人生改编成电影。大哥出马，众星捧场！众所周知，成龙在拿命拍电影这点上，史无前例全球第一。《A计划》《我是谁》里玩命受伤，大难不死本就是奇迹。作为迷影电影，此片除了梦回成龙的《我是谁》《警察故事》等等，其背后真正致敬的是那个年代的龙虎武师！现在的观众已经不理解、也见不到他们玩命拍电影了，所以我们更需要这样一部作品，让观众看到那个黄金时代的片场幕后英雄，以及他们为动作片所拼过的命。当然，这部电影不只是致敬，动作喜剧笑点也是老味道，再结合成龙的事业以及《龙虎武师》纪录片以及港片情怀，还是很感动的。
姜浮云,推荐,每次见刘浩存都不得不感叹下真好看
Andrea,力荐,寓意比很多喜剧好，成龙大叔拥抱了那个走下来的自己
鲨鱼不会水,很差,成龙这些年的电影都乏善可陈，大哥别再透支自己的信用了，没必要晚节不保。
芝士汉堡.,很差,【1.0】属实是预料之中的难看，也证明了这些年来不再看成龙的电影是多么正确的选择，在我心里十二生肖的结束就已意味着成龙时代的陨落，往后的种种都只是源于恶意的消费，此作当然也不例外，除了呈现成龙传奇般的人生稍让人感怀，其他的所有展开无一不是败笔，灾难式的情感推进附着在贫瘠的故事框架之中，摇摇欲坠的空中楼阁只有插科打诨的乐子，有一搭没一搭的胡乱拼凑让平庸都成为了一种奢侈，又尴尬又冗余还要拼命煽情在雷区肆意蹦迪，可以说是近几年最坐牢的院线体验了……
阿暖,较差,一部讲动作演员实拍真摔的电影，却用了大量的拙劣CG，不知道是种怎样的讽刺。人是不用摔了，马每次摔看着挺疼的。
宋佳,较差,来上海路演的时候看的 本来想给一星 路演加一星吧 整部电影看的坐立难安 除了最后和马分别的那段 其他都是拍的啥啊
海月梦香,较差,剧本太差，煽情太多，戏中戏太少，对“龙虎武师精神”的描写太薄弱，沾了题材的光却又有点儿浪费题材。电影基本靠成龙撑起来，甚至在正片里混剪了很多早期成龙拍摄时的片段，看到这些场景时确实会被打动，但是主角的身份定位和成龙本身又有很大的差别，所以每当想要把那份感动和电影情节结合起来时却总会有种错位感，属于卖情怀都卖不好的类型。
天野在远方,很差,又是典型的后成龙电影，纯纯的牛马之作，博情怀不可取，全片挺尬的，节奏拖沓，故意煽情，其实看得出导演想要像《鸟人》那样讲述一段大起大落的心酸史，结果事宜愿为拍的一塌糊涂，龙虎武师的经典一幕幕不断浮现，来到现在这种精神也逐渐消失，片子全程都充斥着成龙以前过往系列电影的彩蛋致敬，但是这反而越发的让人觉得是在过度消费以前仅剩的最后荣光，赤兔马训练的很好，也很聪明，表演效果比人还厉害，反倒是刘浩存真的只会哭，动不动就哭，除了哭只会哭其他啥也不会，在整部片子当中显得相当鸡肋，这也是一到败笔…
HatcherZ,较差,#广州路演 导演采用了最低劣的方式来卖情怀，多次放成龙之前电影来“致敬”。即使如此，也完全拯救不了这部尴尬到极致，一团浆糊的电影。这部片很好地贯彻了屎尿屁，从开场成龙手擦马腚，马对成龙的脸放p，拿尿壶打斗，三要素占全了。其次就是又想讲父女情，又想讲特技演员，又想讲与马的情谊，又想讲打官司，又想讲自我和解，又想致敬，太多太乱太浅，尤其是父女戏，刘浩存那夹子音和毫无代入感的表演是彻彻底底的失败。
→浮生流年,力荐,虽然剧情俗套、情节略牵强，但情怀真的够，成龙对自己，对武行，对父爱，想表达的意思和感情我觉得到了。但刘浩存的演技，实在一言难尽.....
六罐,很差,看此片不是我本意
Dionysus vino,较差,68岁的成龙就站在那里，深情的目光望过去，都是自己28岁的影子。
金城武,很差,牛马精神
付突突,很差,赤兔马追车那段我真的绷不住了，打了一星。
纯爱战士,推荐,看着大哥的电影长大，来买张票看看大哥依旧精彩的动作打戏，以及这次还有赤兔陪着一起奋斗，很暖
见,很差,"成龙大哥也好，张艺谋也好，都是大师，早点收手不拍了还能留个大师的名号，再拍下去搬起石头砸自己的脚啊。
"
方枪枪,还行,成龙致敬自己的电影，从龙虎武师群体着手，也有很多成龙经典电影的桥段和表达。但故事线有点太纷杂，赤兔纠纷，父女感情，以及和女婿之间的情节等等，杂乱显得无章，而且很大问题就是父女之间关系的和解总是莫名其妙，以及成龙饰演的父亲过于自我，会让观众不太喜欢吧。
十一伏特,还行,"三年前那部纪录片《龙虎武师》里少了成龙，当时据说成龙正筹拍相同题材，估计指的就是这部电影，没想到是用剧情片的方式。基本上是致敬成龙自己，直接放上八九十年代经典作品的花絮剪辑画面，嫁接到一个虚构的落魄武师身上，身份落差产生角色定位的不自然。主角到底是曾经辉煌如今落魄的过气打星，还是一直隐身幕后的武打替身，自相矛盾的含糊同样在其他配角身上存在，情绪转折很生硬地推进。
隔一段打戏就来一出煽情戏，年仅70岁的成龙还在演打戏确实让人心疼，可也不能反复靠贩卖情怀来强行催泪。除了成龙外，其他演员的演技状态都很勉强，找来不少喜剧演员客串，看着出戏。既然是致敬武行，为何不多些当年真正的动作演员来客串呢。"
开开,很差,你在咖啡店看窗外雨中父女时刘浩存的打光是认真的吗 这真的是2020年代的电影吗 为什么全靠配乐啊 我学生作业也不拍这样式的啊 这是我看二十分钟的感想 很想离场 有一种港片和大陆合拍取其糟粕的感觉
福禄恩特,较差,爹的多重宇宙（汉化难看版）
栀紫,较差,别说剧情了，人物之间的情感变化都是连不上的啊，没有女儿女婿会更好看
橙子换马甲,无星,马驯得真的好，估计拍起来挺花工夫的。。成龙的动作戏比我想象的多，而且还是很有他的特色的，虽然明显吃力，身手不比当年。。最后拒绝用CGI那场戏是最明显CGI的一场，不知道是不是特意设计。。至于剧本，这年头就不要强求了。。父女线不行可能很大因素是女主太差了，就一直一脸“清纯可爱灵动少女”，看着烦人。。郭麒麟还行吧，不特别自然，但这个角色也就这样了整不出什么花来，而且对手少女那样。。小沈阳真的是客串，谁想出来让他演一个精英律师的哈哈哈哈～不过一出场就有人点名笑，大概也算不辱使命。。（一种靠脸吃饭
云霄飞车手,推荐,开场俏皮的动作戏挺好玩的，是典型成龙喜剧动作设计，街头打架的戏也挺梦回过去的，存存很漂亮，龙虎武师精神很感动，但也到了落幕的时候，唏嘘
王俊俊,推荐,四星！把《龙虎武师》纪录片里武行的人生改编成电影。大哥出马，众星捧场！众所周知，成龙在拿命拍电影这点上，史无前例全球第一。《A计划》《我是谁》里玩命受伤，大难不死本就是奇迹。作为迷影电影，此片除了梦回成龙的《我是谁》《警察故事》等等，其背后真正致敬的是那个年代的龙虎武师！现在的观众已经不理解、也见不到他们玩命拍电影了，所以我们更需要这样一部作品，让观众看到那个黄金时代的片场幕后英雄，以及他们为动作片所拼过的命。当然，这部电影不只是致敬，动作喜剧笑点也是老味道，再结合成龙的事业以及《龙虎武师》纪录片以及港片情怀，还是很感动的。
姜浮云,推荐,每次见刘浩存都不得不感叹下真好看
Andrea,力荐,寓意比很多喜剧好，成龙大叔拥抱了那个走下来的自己
梨子,很差,真的尴尬
暗来明往,很差,全程如坐针毡、如芒在背、如鲠在喉，这真的是我看过的最烂最尬的电影了，居然在电影院睡着了。冲着武打片去的，建议快跑，成龙真的晚节不保，恰烂钱。以后避雷刘浩存了，太尬了。
徐子信,较差,大哥这一辈子是真的拼！不过喜欢大哥的人应该不喜欢看刘那副娇弱样子吧，也不想看这么多儿女情长，就找这些男演员客串，再加一些成龙式动作戏就挺好。
Mallory,较差,成龙的大男子沙文主义有多夸张，看看这一部就知道了。（时代变啦！）
→浮生流年,力荐,虽然剧情俗套、情节略牵强，但情怀真的够，成龙对自己，对武行，对父爱，想表达的意思和感情我觉得到了。但刘浩存的演技，实在一言难尽.....
韦斯安徒生,推荐,"我相信只要是喜欢成龙作品的人，都会被《龙马精神》激起无数回忆！
它就像是在成龙从影60年之际，对这个时代传奇的一次大回顾。
对于一个成龙影迷来说，《龙马精神》里埋着太多覆盖他整个电影生涯的彩蛋。
“果子狸炖水鱼鞭”，“我最会演尸体了”，一句简单的台词，都会让知道其背后含义的观众激动不已。
成龙再一次用行动证明了，只要他还能打，那属于成龙式玩命动作片的时代就还没有结束。"
sans3,很差,烂。全是雷点。
一切随缘,很差,能说吗？这电影除了成龙毫无看点
Jasmine_长乐,还行,整部片子可以说是成龙大哥的自传式电影，里面充斥着他60年从艺生涯很多元素以及一直贯穿的龙虎武师精神，当中也展现了龙虎武师这个行业的人员工作及生活的血与泪、苦与乐。个人感觉节奏有点拖沓（尤其是父与女的情感线），刘浩存这次作为女儿的角色设定有点限制，如果她能文能武，那可了不起。全程最佳就是大哥和可爱的赤兔了（赤兔是演技担当，大林子则是笑点担当哈哈）。
格兰芬多,推荐,更像是成龙对自己职业生涯的一次总结，大哥的动作戏很难、很苦、很累，也很危险。他对理想与信念的追求，以及对武术与动作戏的理解，使他从未有过放弃。纵使伤痕累累，会因过度危险的动作而有丧命的风险，他都坚持去拍。影片真正让我泪目的，是U盘中那一部部大哥曾经的电影与花絮，囊括了大哥基本上所有的经典作品。从替身群演开始，拼到了如今的大师地位，这一路充满着艰辛与不易。
饮歌,较差,我的老天…所谓感动，全部都是流于表面生硬的戳，为了感动而感动，为了催泪而催泪，不管是龙虎武师还是父女情深。看的到成龙大哥有心了，但呈现出来的感情是真的廉价。
肉肉,很差,真想看看啊。
阿卓,推荐,成龙作为华人骄傲确实不太容易，68岁，依然能稳定产出质量还不错的电影，放眼世界也没多少这种演员吧。 曾经他“上天入地”，闯火海、跳高楼，哪怕现在68岁的年纪，也依然秉承着能自己打就绝不用特效的原则，可以说，他的存在就是活着的电影。《龙马精神》中一人一马的故事，与其说是人与热爱的事业以及动物之间的情感，更像是成龙自我的成长投射，老骥伏枥，志在千里，赤兔即赤诚，他还值得继续被期待
мая,还行,5.5，有诚意但没水平，对武行的行业状态挖掘非常粗浅，其实在动作片鼎盛的时代，武行赚的是不比演员少的，后来落魄有各方面原因，但很多都是有不良嗜好把钱败光的。武行也特别有江湖气，电影有展现一部分，但不多也不到位。基本就是成龙现阶段他自己内心喊话，他确实是服老了，开始重视家人和保重自己的身体（刘浩存不就是小龙女么？）想法挺好，但完成很差。特别是这里还有人和动物之间的情感互动，搞到最后实在用力太猛，甚至有点反常识，最后半小时确实是太烂了。几场打戏倒是依稀有一点成龙过去的影子，不过用了很多剪辑，大哥确实力不从心了。
全力以赴的神,力荐,很感动啊，赤兔
香水瓶,还行,龙老了，马很精神！刘浩存太杯具了没眼看。由此可见这位新导演缺乏控制演员的能力，全靠自由发挥。向龙虎武师致敬的意思有了，但剧情比较凑合，浪费这么强大的客串阵容。期待成龙的个人纪录片赶紧制作出来。PS，吴京现在确实更有大哥范儿！又，配乐实在不行，太干扰观影了，监制也不管管嘛……
山微漾,还行,很像魏君子导演的纪录片《龙虎武师》剧情片版，但用了加法，在主题表达上比较分散：一是父女情、二是人兽情、三才是职人情（特技替身演员）。这部电影和李连杰的《霍元甲》有些类似，一个是对自己演武侠片的总结，一个是对自己演功夫动作片的最后陈词，有些地方还是挺动人的。看完本片，意外期待起来郭麒麟挑大梁当主演的律师职场剧《平凡之路》。
游女,很差,刘浩存
凝羽飞,推荐,第一时间就去电影院把电影看了，就像支持华仔一样继续支持成龙大哥，因为对于我来说他们就是香港电影最好的注脚。之前《龙虎武师》时候我记得我就说过没有成龙这部纪录片是不完整的，当时好像看到一个采访成龙大哥说要自己拍一部电影致敬龙虎武师，最终《龙马精神》来了，他说到做到。回到电影本身，单纯从人与马，父女情感2条线来说，其实人与马的演绎是更优秀的，父女线有点生硬和刻意，但并不妨碍成龙大哥展现自己在文戏上的演技，说真的，那段告别赤兔的戏份还是有打动到我。郭麒麟的表现只能说不扣分，但是要加分也没有，在喜剧效果上有点用力过度。电影最有意思的彩蛋其实是成龙的几个造型，从开始那个《A计划》的钟楼开始，我有印象的包括了《我是谁》、《飞鹰计划》、《警察故事》、《醉拳》、《蒲松龄》和《神话》等。
Crazy Ivan,推荐,0402点映  情怀点密集，赤兔有灵性，亲情略勉强。
般若多目,推荐,为情怀可以，但拍的真的挺烂的，配乐满到脑袋瓜嗡嗡，给成龙多一颗星吧
我可能是个演员,较差,突然就打起来了，突然女儿就愿意帮忙了，突然就吵架了，突然就和解了，突然就勇敢了，突然就拍好了，突然就想跳了，突然就跳成功了，突然就见家长了，突然又吵架了，突然又和好了，突然追债的就不打了，突然竟然想收追债的为徒弟了，突然又想拍了，突然又吵架了，突然又不想拍了，突然官司就败了，突然马就送人了，突然就哭着生死离别了，突然就又把马还回来了，突然大家又开开心心的在一起了…就…挺突然的～饶了我吧啊编剧。
野生红豆泥,推荐,赤兔全场最佳！看完想养一匹马了哈哈哈哈，速度打开我的赛尔达给我的大马改名叫“赤兔”！
望潮,还行,本来为忠犬八公预留的眼泪，看那部片子没哭，看这部给流干了！虽然故事讲得普普通通，对成龙大哥也没有什么很深的情节，但是里面无论是人与马的感情，还是老武行的龙虎精神，都贵在真诚，加上宏大的配乐推一推，我跟后排一个小女孩哭得那叫一个此起彼伏，就是某音宣传团队拍到都要给我们钱的那种程度。全程光是欣赏lhc妹妹的颜都能值回票价。
ASH,无星,我擦!冲着刘浩存在里面，一星我都不想给。人血馒头道德低的家庭能培养什么好人品的女儿，又没有演技，又长得不漂亮的太妹。
是时候。,很差,超级大烂片，抱着看喜剧动作的别去了。尬温情，全程都在尬亲情，如坐针毡，如鲠在喉。剧情烂的要死
NJ安可,还行,剧本太弱，台词和配音有点尬。香港演员、内地学院派演员、东北演员是三种表演风格，放在一起并不融合。有点像成龙送给家人的礼物。
小哆啦,推荐,老罗和赤兔的相处让我有种看到我跟我家毛孩子的感觉，就是我家毛孩子没赤兔这么听话
希锐亚,还行,非常割裂的一电影，特别是对女儿的态度。早先有部记录片叫《龙虎武师》，成龙没参加，原来是把要表达的放这部电影了。成龙完全打不动了，如果把这部定位为成龙最后的电影，好好打磨应该还可以，但又不是，现在就如此炒作情怀，下一部电影怎么办？容祖儿后面没了。
居无间,还行,父女线突兀。人与马的戏挺不错的，而且非常催泪。从立意看，赤兔被移交应该是更合理的结局，因为它本就是新时代龙虎武师的喻体。影片里的台词、美术等元素，对成龙的经历多有指涉。期待能有一部更加纯粹的、致敬成龙职业生涯的情怀大片。
忽而今夏,力荐,因为有成龙
土嗨八贤王,很差,前有《龙虎武师》作为对标，《龙马精神》便显得更是虚假刻意。杨子是已经被行业验证过的残次品导演，专业能力严重不足，创作审美老态龙钟。但到本片却是他作品序列里创作最如鱼得水的一部。终于不必再去跟同行硬拼自己短板，拍出那些糟烂的伪人性故事。忽略掉所有从剧作到视听的电影基本逻辑，唯一目的就是为大哥树碑立传，为大哥强行洗白。那种“大写的人”的拍摄方式，大段说教抒情，可以看出也深得其心。过时的审美与老态的喜好达成了完美的契合。其实大哥也不必谦虚，给自己披层“龙虎武师”的伪装。但凡了解些香港电影黄金时期的影迷，都会明白本片的虚假。而不了解的观众，更不会为此共情。只是唏嘘，成就“龙虎武师”们的搏命，如今在电影里却多为后期合成。罗师傅作为卧室里，看着自己年轻时拍得电影合集，怕是整部影片最荒诞，最可笑的时刻了。
晴天,很差,五星给成龙 其他倒扣四星
不疯魔不成活,很差,刘浩存可以的
墨尔本的大D,较差,很久没这么如坐针毡了
东门捷径小V,推荐,既是成龙对自己演员生涯的回顾，也是对电影老武行的致敬。从“龙虎武师都是热血男儿”、“你一定会有出息”，到“让赤兔做那么危险的动作是我不对”，“跳下来容易走下来难”，人物弧光真正得到了升华。不少细节对白也做得自然可爱，成龙和郭麒麟的老少反差搭配有化学反应，第一次感受到硬汉在电影里柔软和松弛了起来。
蕾蕾,推荐,各种明星大腕很多，致敬武打明星的片子，很搞笑，但是父女感情部分有点尬
卡尔·霍克利,推荐,可以看出来用心用情了，但也少了成龙动作片经典的危险动作
小狐腻,还行,我想了想，打了三星，但确实不值。
虎虎,较差,尴尬的剧情，生硬的感情线，两星全是场面星
沈欺霜,推荐,我的眼泪贡献给成龙和赤兔，即使我猜到了故事的结尾，但还是会被剧情狠狠感动，很真实也很真诚的一部电影。
离离,还行,刘浩存在里面挺漂亮的，但是还是喜欢不起来。电影的话并没有讲好这个故事，估计以后不会再冲着成龙去看电影了，上一次是急先锋，也没有让我惊喜。
momo,推荐,有笑有泪，故事完全能看的进去，也很有代入感，结尾做的不错，和开头呼应了一下，更能感受到老罗和赤兔那种深深地羁绊，不错
崔铁志,还行,电影的问题蛮大的，情节生硬做作又煽情，父女间的转变十分儿戏，主题靠说，感动靠哭，足足哭了十场左右，像个大型的苦情公益片。音乐也仿佛这碗汤不是这碗面的，一塌糊涂，而且好好的动作戏剪得稀碎，对不起大哥的努力。感动都给成龙和那匹马，演出了真情实感，远超这个剧本的底子。成龙像所有动作巨星一样，这么多年一直面临着转型的问题，但还是希望成龙能接到好剧本，如今在特效的帮助下打到90岁也是可以的。
Wush！,很差,我终于能来评价这部电影了
惘然,推荐,"致敬曾经搏命的龙虎武师，就是致敬一个逝去的时代。但电影让我觉得更好的地方在于最后放弃了说教，放弃了搏命，放弃了对曾经辉煌的坚持，放弃了那一跃。

曾经的时代确实美好，玩命去拍动作戏也是那个时代武师们所一直奉行的，那些用一腔热血扑在动作戏上的日子更是他们的青春，但时光终究还是会过去，为此也留下了这个时代关于武师行业的新思考，是继续“跳上去”还是“走下来”？

这部影片，成龙用他所饰演的武师老罗给了我们答案，当现有技术已经足以拍摄高难度的动作戏，而可以避免演员受伤，那么“走下来”也绝对是一个最优选择。

时代会过去，龙虎武师会老，但电影工业还在蓬勃向前，而那个时代留下的龙虎武师精神也依然熠熠生辉。"
少双,推荐,唉，存子就负责尬的
小崔,推荐,改名叫赤兔的话，就是满分了💯。
宝怡和家宝的妈,推荐,从小就看成龙电影长大，不得不说每一部都好看，每一部都精彩！
熊手良多,推荐,平板上模仿成龙的都拿奥斯卡了，大荧幕上的真成龙还不值得看看吗？
小寒,力荐,大米哥的催债团就是来搞笑的，被马和老罗捉弄的团团转，一点便宜都没捞着，但是给观众贡献了很多笑声是真的啊哈哈
VAM👸,还行,导演水平太次，差的没话说，完完全全就是大学生的水平，导致影片质感极差，导演根本没能力拍长片更别说这么用力得烂煽情了，冗长尴尬且俗气，不知道这破导演怎么拉到投资的。但好在成龙的表演以及对成龙的致敬做的真诚，说他谄媚也好虚伪也罢，但他的确是华语电影不可磨灭的一座里程碑。影片这方面做的足够真挚，足以抵御垃圾导演拙劣的水准了，这样的电影是否有意义？或许散场后愿意陪成龙看片尾字幕已经哭泣的中年观众足以告诉答案。
下午有余味,很差,求求给正常人留口饭吃吧，别整这些了
来自小城日照,较差,不要花钱看！不要花钱看！不要花钱看！谁看谁后悔！！！
小白宁宁宁,无星,马的多重宇宙
raingirl,推荐,d昨天看完的，武打戏动作设计很有早年成龙大哥打斗戏那种流畅，且带有趣味性的感觉，爱了！
古拉格的罐头人,还行,对院线电影的忍耐度总是高一点。叙事凌乱，感情说来就来……反正，能看（目前还没有我在影院看不下去的电影就是了）
猫咪打哈欠,推荐,成龙大哥风采不减当年啊，热血激情的打戏让我恍惚了一下，真心佩服成龙大哥在这个领域上的坚守与创作～
kinder23,较差,成龙没问题，致敬香港龙虎武师很好，赤兔马表现非常出色，但是成龙身边那两位的演技实在太尴尬了…
电影学徒,推荐,乃华碰到会功夫的老丈人多多少少让人有点心疼，娶妻还得先学会武功，确实太难了
机智的大白菜,较差,啊啊啊啊啊啊…可云抱头！！！
歌德尖塔,推荐,看完最大感受就是，动物和人一样 什么都懂只是不会说话而已，但是它们会用自己的方式表达，给赤兔的表现一个赞
邵禹升,推荐,"这四星皆是给龙虎武师的精神。有一个可笑的点，就是斧头帮群殴那场戏，整场透露着尬。看着一匹马带动向前努力的情绪，就让人有点别扭。大哥整部电影最重要的内核就是龙虎武师为华语电影做的贡献，简直是伟大二字了。这行当为动作电影做的贡献是无法用金钱衡量的，回望过往，全部都是价值。余皑磊是值得赞扬的，他的戏无论什么角色，可塑性太强太强，只要你留意了会发现，有他在就是精彩！"
未洋chaos,推荐,成龙大哥还是那么优秀，他真的是中国最后一位功夫巨星了，很感动，这个年纪依然如此拼。那个年代龙虎武师的精神，值得大家学习。各个角色的演技其实也是可圈可点，希望中国功夫电影可以不断传承下去，而不是留在记忆里！
灰尘勿扰,还行,好题材，可惜了。动真情的成龙+糟糕的故事情节设计+浮于表面的片段式表达+必定合家欢的结局设置。无论如何，以成龙为代表的龙虎武师精神真的令人动容，这一切刻在胶片上将被永远记忆！
拾麦人,很差,在刘浩存面前，看得出来成龙很努力
张三其人,还行,还是献给情怀和马的戏的难度，成龙半自传电影对自己的自白和反思，收手吧以这部结尾刚好，剧本实在太烂了，一直觉得刘浩存没批评地那么差，在杨子手下原型暴露了。
yungkey,很差,没看完走了
David&Movie,推荐,还不错，看一部少一部系列。之前看过龙虎武师的纪录片，那个香港动作片吊打好莱坞的八九十年代，每一个镜头都是拼出来的。本片致敬了很多成龙元素，还再现了几场经典的成龙式动作戏，以及到位的父女父子感情戏，不错不错，期待下尖峰时刻4
豆瓣天后董小姐,推荐,泪目！电影中“你们那个时代已经过去了”这句台词让人唏嘘感伤，成龙大哥在首映现场说，只要能拍得动，不管有没有人看，他都会坚持。这一次，69岁的华人之光，真打真摔本色出演龙虎武师，虽是熟悉的味道，却又有了新的感动。
爱琳,还行,跳下来容易，走下来难
羽生结衣,推荐,虽说都是人和动物感情戏的常用表现手段，但赤兔和老罗的情感铺垫到位，就是贼感动
或者雪,较差,父女线写得太次了
活豪,力荐,赤兔蛮讨喜的，聪明伶俐通人性，老罗和赤兔是家人般的存在吧，看赤兔讨喜的样子想起我家小狗了，也是一样可爱
See,很差,怎么不算呢？
华盛顿樱桃树,较差,全片最好看的部分，是大哥过往动作戏的受伤画面，那是真的不屈不挠真的鼓舞人。一转头回来就连刘浩存的那场哭戏竟然都不那么令人讨厌了，足见真实的力量。除此之外就都是假大空和老派的动作戏和剧情设置。就是你永远都会知道接下来会发生什么。最后致敬的群体没得说，就是能拍得再好点就更好了。
和大人,推荐,"刘浩存一张口说话感觉智商都没马高！(四颗星只给今天69岁的成龙）"
韦恩斯坦_李,推荐,可以说是成龙大哥的粉丝电影吧，致敬了成龙大哥自己，看到好多熟悉的造型和场景，同时也是致敬武行这个行当，确实很不容易？年近70的成龙大哥还在拍打戏，这体力这精神让人敬佩，也让人想起小时候看过的他那些精彩的电影。所以即使电影有不少问题，也值得向大哥致敬一下！
溴化雞,还行,电影首映当天看的，当时就想评分，但有一说一，这电影看得让我无以复加的纠结。电影本身除了接近结尾那不让用特效但实际又用了特效的不知道是不是自黑的桥段之外，其实没太大问题，完全在接受范围内。但看电影的每时每刻我都能不由自主地联想到：①小龙女；②刘浩存“天真无邪”的那句“怎么不算呢”(别人采访她算不算有天赋时她的回答)；③罪犯子女是否可以考公(刘浩存的老赖父母 当然老赖不等同于罪犯)；④就这样的龙叔还要拍尖峰时刻4神话2等等大片。这一对比一联想一出戏我就真的、着实纠结死了，感觉自己心里真的就有两个人在对抗一样，太特么煞笔了。
向阳南木,还行,很平庸，尤其是矛盾设置和剧情转折不太行。不是打感情牌就代表可以。。。
爱翾,还行,自从伦敦营救就开始煽情了，而且每次有点惨，还是喜欢以前轻松幽默的感觉，可是大哥年龄大了，后继无人，很可惜，以后不知道看啥了。有点没劲，倒是里面一些以前的片段看着又想回顾了。龙虎武师很佩服，真是拼命，也心疼，现在技术是发达，可那种感觉也的确没了，挺矛盾的，替身，马啊动物啊什么的安全问题，和电影质量问题。父女俩那么多年的冰说破就破，马儿说站就站起来，说两句就重新上场了，鼓鼓劲就能完成艰难任务了，现实呢？看以前大哥受伤很难过，可他现在的地位就是这么拼出来的。女儿的指责有点是，却又有点不知所谓，亲家家的确是好人，接受。整部剧其实就郭麒麟看着很舒服很有笑点了，哦，老大也还行。
和寂寞一起悬空,推荐,跳下去容易，走起来难
PAMBO,还行,大横店nb（和我头像同个景6）
蒙奇D,还行,郭麒麟在大银幕上胖得像充气的。电影里对于父母情的刻画有点儿戏，特别是有几段和好和闹别扭几乎没有情绪铺垫，太牵强。人和马的感情反而稍微正常一点，马为了报恩，心甘情愿听人使唤，危险也不怕。不过，几次马的下跪也太夸张了。最后是成龙对龙虎武师的致敬，和对自己的致敬，这部分还是挺感人的，看的时候会带入纪录片《龙虎武师》的情绪，情怀这部分有加分。但是，如果成龙以这部电影作为致敬自己的终章，也未免太遗憾了，这导演也拍得太差了。六分完全是给打不动的成龙，需要替身和后期CG制作的成龙。真人真打的动作片时代过去了，我会想念它。
Avocado Lake,很差,成龙大哥，转型不了要不就不拍了吧，找一群演得更烂演的不像人的并不能显得你演技就好了。老艺术家吃点烂钱无可厚非…但对手戏看着实在心疼。1星赞给一如既往的片尾花絮
AL Rorschach,推荐,你永远可以相信赤兔，就算会因为众人围堵而害怕，仍会为了老罗冲破重围，养宠物的真的遭不住呜呜呜
jxw611,还行,"打三星中合一下分数，成龙近年作品故事完整度最佳，可以想见其他片剧情线得拉胯成什么样。
女主演技是硬伤，该有的情绪一概没有。故事可以看做是成龙的自我致敬之作，片场历险记还有阿龙和赤兔之间的互动展开写写就好了。
现在的成龙需要一个何冠昌+陈自强式的人物给他选选剧本，更改一下路线，别老靠以前的辉煌活着。就像片里的主角，最后的特技镜头也玩不转了。"
夜帘墨影,还行,要素过多，剧本太拉，本来也没抱什么期待，给龙叔补的电影票，在里面找彩蛋也挺好的，给个人情分吧。
影子的影子,较差,把刘浩存那一条线都删了会好看一点，如果硬要保留这条父女线也应该改改人设，让女儿直接做律师帮父亲打官司对人物关系才更有促进吧（虽然不管怎么改联系现实里的成龙父女关系都会有点膈应就是了）杨子真的还是那点东西，动不动就上音乐煽情，每一个煽情点都能精准预测到但他仍旧乐此不疲，一个片煽那么多次你是不是还挺得意？动作戏比文戏好看一百倍吧，依旧是信手拈来利用身边一切道具的功夫喜剧，好几场打斗的设计还挺有意思的。
王堃,推荐,救命，好喜欢赤兔，赤兔必须是全世界最聪明的马了，没有之一😭😭😭让我想起我家狗子了呜呜呜
困在坚果壳里,力荐,好的影片看完就是后劲很足，感动于老罗和赤兔的重逢，感动于龙虎武师永不言弃的精神，感动于还能在影院看到大哥精彩的打戏
座山雕,推荐,老罗带着赤兔大战好多黑衣人那段真的真的太帅了！！
五溪,力荐,他奶奶滴哭惨了有笑有泪够看😭我就知道龙哥的电影不会让我这种人失望 最大问题我就是不喜欢那个什么存以及她的配音是真难受啊还出戏  龙哥的武打动作真的很难想象已经69岁高龄了上一代我们这一代也许下一代都会特别喜欢  龙虎武师的意义 确实 电影的主题表达很到位 我就是很喜欢😭而且能体现内容很多 但最喜欢的还是赤兔的通人性  人和动物之间真的是一种很奇妙的友谊🥹  
乌鸦炸酱面🍧,较差,很难受，马的演技比人好。抠出一座魔法城堡。
建邺城牛大胆,较差,成龙是不是忘了自己有个女儿
蜗牛小姐🐌,力荐,成龙的演绎有打动人心的力量，一举一动都特别真实接地气，我深深被成龙的演技感染到了，后半场一直在哭谁懂……
胡桃树,推荐,好喜欢赤兔啊，是个好伙伴，看自己“老爹”受欺负了还会踹人，它和老罗的双向奔赴真是太好哭了，好想养（bushi
老白,力荐,很有人情味的一部电影，很少能看到成龙演这么走心的电影，挺值得一看的
北方 知寒,力荐,情怀无价
赵找找,较差,1.父女线有些莫名其妙，怎么就不理了，怎么又理了？2.这个电影是在讲什么？龙虎武师精神吗？人和动物的感情吗？没整明白啊所以无法安放观影心情；3.看着大哥一脸褶子打架，真心酸。
heros never 岱,推荐,"前半段对情绪点的把握基本上全部扑街，过快的节奏导致观众完全没有情绪共鸣，大量这父女俩为啥突然又和好了，为啥突然又闹掰了的疑问让观众尴尬到脚趾抠地，但后半段人与马之间的情感表达又基本上恰到好处，让我不禁想说这导演不是会抒情吗？希望前半段节奏的崩裂是制片方对时长要求而妥协的结果吧。
最大的优点在于对“龙虎武师精神”的升华，从一味追求实拍转变为为了热爱可以拼命，同时也回归到了父亲可以为女儿拼命上面。
有很多对老电影、老导演和老演员的致敬
因为龙叔所以多加一星"
Nirvanania,很差,陈旧
雾都一枝花儿,较差,真的很胡闹😿
KK,较差,煽情太多了。成龙的奋斗史固然让人尊敬，不过没必要绑定这个龙虎武师故事和父女情，好多故事转折很突然，满满顿挫感。一边流泪一边清晰认知它作为电影的不够格，但那句“我不要你了”还是很让人难过，能记起的被泪浸湿的梦里总会有这句，真奇怪啊...
陪顾海渡过漫长,较差,评论都好假
啊柒,很差,1.5，得了吧别一天到晚的龙虎武师了，要不是免费看的，我说你这片是三脚猫武师还不为过。我是打从根本上怀疑这部片子的编剧是吃干饭的，所谓的龙虎武师精神在他那块就是刻板的拼命拼命再拼命，至于家人，编剧想他们感情好他们就好，不想他们好就反目成仇，拍拍脑袋想一出来一出。就好像在抖音短视频上看到什么段子好玩，什么段子感人就使劲怼，完了BGM铺满，摁着观众的头都给我气，给我哭，起承转合完全没有，官司都没弄明白到底从头到尾打的是咋一连串回事。说不是就不是，一点铺垫都没有，就突然生离死别，就跟《人生大事》的最后一段送回亲妈那般令人一头雾水，看得只想骂街了。同样不得不提的，出道三年了，刘浩存她都干嘛去了，真是令人好奇啊，三年时间都足够时间让一个小孩子学会牙牙学语了，她竟然一点进步都没有。听她说话我全程难受。
许一一,还行,这位龙虎武师最重要的成长就是意识到他不是一名马师
